semana_epidemiologica,data_inicio,casos,casos_estimados,nivel_alerta,rt,temp_media,umid_media,municipio_nome
201001,2010-01-03,123,123.0,1,0.0,23.85,80.21,São Paulo
201002,2010-01-10,144,144.0,1,0.0,24.22,70.63,São Paulo
201003,2010-01-17,168,168.0,2,0.0,23.33,78.07,São Paulo
201004,2010-01-24,203,203.0,2,0.0,22.0,83.98,São Paulo
201005,2010-01-31,247,247.0,2,0.0,25.13,68.63,São Paulo
201006,2010-02-07,267,267.0,2,1.3079354,25.27,67.52,São Paulo
201007,2010-02-14,489,489.0,3,1.9686649,25.25,66.48,São Paulo
201008,2010-02-21,666,666.0,3,2.0042722,23.74,73.08,São Paulo
201009,2010-02-28,799,799.0,3,1.670715,19.67,86.53,São Paulo
201010,2010-03-07,804,804.0,4,1.2635545,25.09,59.13,São Paulo
201011,2010-03-14,1032,1032.0,4,1.361857,22.92,73.88,São Paulo
201012,2010-03-21,1378,1378.0,4,1.5724154,23.48,78.05,São Paulo
201013,2010-03-28,1580,1580.0,4,1.4750495,21.78,82.59,São Paulo
201014,2010-04-04,1765,1765.0,4,1.3329772,17.24,87.27,São Paulo
201015,2010-04-11,1302,1302.0,4,0.856281,20.41,71.59,São Paulo
201016,2010-04-18,1257,1257.0,4,0.811784,22.92,67.23,São Paulo
201017,2010-04-25,1558,1558.0,4,1.0923151,20.23,77.61,São Paulo
201018,2010-05-02,1326,1326.0,4,0.9695952,21.2,72.72,São Paulo
201019,2010-05-09,1022,1022.0,4,0.7405404,16.08,78.74,São Paulo
201020,2010-05-16,662,662.0,4,0.5241906,17.79,77.88,São Paulo
201021,2010-05-23,502,502.0,4,0.499142,18.19,82.19,São Paulo
201022,2010-05-30,403,403.0,1,0.549579,16.79,77.86,São Paulo
201023,2010-06-06,296,296.0,1,0.5530488,13.99,77.27,São Paulo
201024,2010-06-13,213,213.0,1,0.5248663,17.57,63.44,São Paulo
201025,2010-06-20,211,211.0,1,0.6834914,18.09,74.69,São Paulo
201026,2010-06-27,171,171.0,1,0.7096626,17.11,72.3,São Paulo
201027,2010-07-04,140,140.0,1,0.6913995,18.33,69.24,São Paulo
201028,2010-07-11,98,98.0,1,0.5720671,16.35,84.49,São Paulo
201029,2010-07-18,155,155.0,1,1.0939611,19.95,72.01,São Paulo
201030,2010-07-25,130,130.0,1,1.0180663,19.21,66.42,São Paulo
201031,2010-08-01,79,79.0,1,0.6094936,14.1,85.11,São Paulo
201032,2010-08-08,81,81.0,1,0.6818659,16.4,73.35,São Paulo
201033,2010-08-15,92,92.0,1,0.9547397,14.58,68.59,São Paulo
201034,2010-08-22,59,59.0,1,0.6974335,21.98,44.22,São Paulo
201035,2010-08-29,67,67.0,1,0.8474758,21.9,54.12,São Paulo
201036,2010-09-05,84,84.0,1,1.1783322,16.37,79.98,São Paulo
201037,2010-09-12,79,79.0,1,1.1137247,20.28,60.67,São Paulo
201038,2010-09-19,61,61.0,1,0.8054243,18.49,78.94,São Paulo
201039,2010-09-26,65,65.0,1,0.8783438,19.11,86.92,São Paulo
201040,2010-10-03,57,57.0,1,0.8495169,17.26,81.47,São Paulo
201041,2010-10-10,47,47.0,1,0.7621459,16.63,76.66,São Paulo
201042,2010-10-17,63,63.0,1,1.1072685,17.94,78.28,São Paulo
201043,2010-10-24,67,67.0,1,1.2138864,19.03,76.77,São Paulo
201044,2010-10-31,71,71.0,1,1.1848099,20.4,73.35,São Paulo
201045,2010-11-07,87,87.0,1,1.305338,19.17,77.01,São Paulo
201046,2010-11-14,101,101.0,1,1.3528187,19.78,72.93,São Paulo
201047,2010-11-21,120,120.0,1,1.383942,21.65,76.32,São Paulo
201048,2010-11-28,148,148.0,3,1.4437536,23.31,75.78,São Paulo
201049,2010-12-05,195,195.0,3,1.5767392,22.94,78.0,São Paulo
201050,2010-12-12,131,131.0,3,0.8840283,21.37,83.38,São Paulo
201051,2010-12-19,168,168.0,2,1.0414578,23.17,77.83,São Paulo
201052,2010-12-26,158,158.0,1,1.0053223,20.72,80.27,São Paulo
201101,2011-01-02,245,245.0,1,1.5181559,22.13,84.19,São Paulo
201102,2011-01-09,329,329.0,3,1.7436299,23.23,80.81,São Paulo
201103,2011-01-16,303,303.0,3,1.2540497,23.69,78.25,São Paulo
201104,2011-01-23,349,349.0,3,1.1952556,25.2,70.94,São Paulo
201105,2011-01-30,392,392.0,3,1.2248055,24.08,74.01,São Paulo
201106,2011-02-06,338,338.0,3,0.981076,25.72,64.5,São Paulo
201107,2011-02-13,349,349.0,2,0.9712994,23.46,75.77,São Paulo
201108,2011-02-20,417,417.0,2,1.1684366,23.76,76.62,São Paulo
201109,2011-02-27,482,482.0,3,1.3002616,19.97,88.33,São Paulo
201110,2011-03-06,439,439.0,3,1.0676796,21.05,82.48,São Paulo
201111,2011-03-13,547,547.0,2,1.2173302,21.24,84.5,São Paulo
201112,2011-03-20,753,753.0,3,1.5402379,22.15,77.94,São Paulo
201113,2011-03-27,784,784.0,3,1.3589915,22.15,81.21,São Paulo
201114,2011-04-03,898,898.0,4,1.2886654,20.09,82.44,São Paulo
201115,2011-04-10,947,947.0,4,1.1912885,22.25,74.51,São Paulo
201116,2011-04-17,1003,1003.0,4,1.147081,23.29,71.93,São Paulo
201117,2011-04-24,1111,1111.0,4,1.1775197,18.89,79.27,São Paulo
201118,2011-05-01,855,855.0,4,0.8581432,18.84,74.21,São Paulo
201119,2011-05-08,654,654.0,4,0.6650857,18.84,81.72,São Paulo
201120,2011-05-15,486,486.0,1,0.5698307,15.43,82.41,São Paulo
201121,2011-05-22,337,337.0,1,0.504383,17.86,72.38,São Paulo
201122,2011-05-29,232,232.0,1,0.4664005,14.74,79.63,São Paulo
201123,2011-06-05,184,184.0,1,0.5148835,14.0,75.87,São Paulo
201124,2011-06-12,157,157.0,1,0.612439,15.98,73.32,São Paulo
201125,2011-06-19,162,162.0,1,0.8235216,18.81,73.3,São Paulo
201126,2011-06-26,149,149.0,1,0.8843469,15.38,75.94,São Paulo
201127,2011-07-03,142,142.0,1,0.9024653,12.84,82.42,São Paulo
201128,2011-07-10,141,141.0,1,0.9403898,19.7,60.12,São Paulo
201129,2011-07-17,166,166.0,1,1.1428483,18.1,76.79,São Paulo
201130,2011-07-24,135,135.0,1,0.9193021,18.52,66.05,São Paulo
201131,2011-07-31,121,121.0,1,0.8181744,15.33,70.71,São Paulo
201132,2011-08-07,154,154.0,1,1.1009464,19.5,69.98,São Paulo
201133,2011-08-14,125,125.0,1,0.928974,19.14,69.2,São Paulo
201134,2011-08-21,112,112.0,1,0.8293074,15.61,85.47,São Paulo
201135,2011-08-28,112,112.0,1,0.8788959,17.53,64.33,São Paulo
201136,2011-09-04,114,114.0,1,0.9739199,19.53,64.14,São Paulo
201137,2011-09-11,101,101.0,1,0.8996348,16.37,82.0,São Paulo
201138,2011-09-18,102,102.0,1,0.9345108,18.24,73.13,São Paulo
201139,2011-09-25,99,99.0,1,0.9476925,18.9,64.95,São Paulo
201140,2011-10-02,98,98.0,1,0.9698756,19.86,74.98,São Paulo
201141,2011-10-09,93,93.0,1,0.9404953,20.32,83.7,São Paulo
201142,2011-10-16,109,109.0,1,1.1189833,16.33,78.4,São Paulo
201143,2011-10-23,118,118.0,1,1.1874651,22.79,62.28,São Paulo
201144,2011-10-30,84,84.0,1,0.8013781,15.87,75.1,São Paulo
201145,2011-11-06,100,100.0,1,0.9556254,20.63,72.11,São Paulo
201146,2011-11-13,112,112.0,1,1.1356931,17.35,83.86,São Paulo
201147,2011-11-20,130,130.0,1,1.2845099,20.82,71.76,São Paulo
201148,2011-11-27,146,146.0,3,1.2887233,20.04,77.13,São Paulo
201149,2011-12-04,148,148.0,3,1.1556276,20.1,84.99,São Paulo
201150,2011-12-11,143,143.0,1,1.0233603,22.89,62.31,São Paulo
201151,2011-12-18,118,118.0,1,0.8259104,25.11,53.11,São Paulo
201152,2011-12-25,163,163.0,1,1.1753047,19.84,80.84,São Paulo
201201,2012-01-01,303,303.0,1,2.0734568,21.11,73.92,São Paulo
201202,2012-01-08,259,259.0,3,1.3683629,21.69,73.71,São Paulo
201203,2012-01-15,200,200.0,3,0.8305163,21.08,80.77,São Paulo
201204,2012-01-22,199,199.0,1,0.8118328,20.65,77.47,São Paulo
201205,2012-01-29,244,244.0,1,1.1046597,22.24,68.33,São Paulo
201206,2012-02-05,221,221.0,1,1.0322037,25.54,59.63,São Paulo
201207,2012-02-12,219,219.0,1,0.9830305,22.55,74.98,São Paulo
201208,2012-02-19,242,242.0,2,1.0758893,23.65,71.39,São Paulo
201209,2012-02-26,290,290.0,2,1.2655959,25.52,62.65,São Paulo
201210,2012-03-04,269,269.0,2,1.0878752,22.25,67.96,São Paulo
201211,2012-03-11,277,277.0,2,1.0369397,22.15,71.26,São Paulo
201212,2012-03-18,292,292.0,1,1.064355,21.74,68.38,São Paulo
201213,2012-03-25,264,264.0,1,0.9521552,21.14,73.69,São Paulo
201214,2012-04-01,281,281.0,1,1.0093018,22.19,69.99,São Paulo
201215,2012-04-08,359,359.0,1,1.2842547,22.63,71.54,São Paulo
201216,2012-04-15,365,365.0,3,1.2183453,20.6,74.33,São Paulo
201217,2012-04-22,318,318.0,3,0.957002,19.41,78.08,São Paulo
201218,2012-04-29,265,265.0,1,0.7791444,16.66,77.3,São Paulo
201219,2012-05-06,214,214.0,1,0.6869474,19.11,68.33,São Paulo
201220,2012-05-13,182,182.0,1,0.6852146,16.06,76.77,São Paulo
201221,2012-05-20,188,188.0,1,0.8448676,18.2,69.33,São Paulo
201222,2012-05-27,151,151.0,1,0.7791591,20.04,68.27,São Paulo
201223,2012-06-03,109,109.0,1,0.6255954,17.22,77.89,São Paulo
201224,2012-06-10,133,133.0,1,0.8860931,18.14,77.7,São Paulo
201225,2012-06-17,154,154.0,1,1.1710587,17.61,74.48,São Paulo
201226,2012-06-24,141,141.0,1,1.0575991,17.39,70.29,São Paulo
201227,2012-07-01,112,112.0,1,0.7979269,20.21,56.24,São Paulo
201228,2012-07-08,74,74.0,1,0.559357,15.48,67.84,São Paulo
201229,2012-07-15,98,98.0,1,0.8835578,14.38,70.11,São Paulo
201230,2012-07-22,86,86.0,1,0.9218368,20.02,59.56,São Paulo
201231,2012-07-29,93,93.0,1,1.0388101,19.19,62.95,São Paulo
201232,2012-08-05,83,83.0,1,0.9271931,17.07,67.92,São Paulo
201233,2012-08-12,63,63.0,1,0.7238851,19.32,60.93,São Paulo
201234,2012-08-19,68,68.0,1,0.8540713,20.01,54.83,São Paulo
201235,2012-08-26,55,55.0,1,0.7850865,17.24,68.84,São Paulo
201236,2012-09-02,56,56.0,1,0.880376,19.55,61.2,São Paulo
201237,2012-09-09,86,86.0,1,1.4245187,20.8,66.15,São Paulo
201238,2012-09-16,66,66.0,1,1.0315098,22.9,54.9,São Paulo
201239,2012-09-23,57,57.0,1,0.8121235,15.26,65.7,São Paulo
201240,2012-09-30,84,84.0,1,1.2219304,21.17,61.82,São Paulo
201241,2012-10-07,58,58.0,1,0.8648241,20.24,67.13,São Paulo
201242,2012-10-14,71,71.0,1,1.0271506,18.81,68.63,São Paulo
201243,2012-10-21,68,68.0,1,1.0044746,22.95,66.41,São Paulo
201244,2012-10-28,58,58.0,1,0.8690245,23.2,65.35,São Paulo
201245,2012-11-04,82,82.0,2,1.2371563,21.04,71.98,São Paulo
201246,2012-11-11,67,67.0,1,0.9977158,18.79,74.05,São Paulo
201247,2012-11-18,82,82.0,1,1.1487683,21.7,60.12,São Paulo
201248,2012-11-25,86,86.0,1,1.1543937,20.61,72.08,São Paulo
201249,2012-12-02,107,107.0,1,1.3340758,24.56,65.12,São Paulo
201250,2012-12-09,79,79.0,1,0.8947232,23.94,70.03,São Paulo
201251,2012-12-16,84,84.0,2,0.9142112,23.55,72.27,São Paulo
201252,2012-12-23,115,115.0,2,1.2927517,25.1,64.71,São Paulo
201301,2012-12-30,169,169.0,2,1.7650648,22.52,72.84,São Paulo
201302,2013-01-06,245,245.0,3,1.9588112,22.44,68.97,São Paulo
201303,2013-01-13,256,256.0,3,1.4776148,21.08,74.78,São Paulo
201304,2013-01-20,223,223.0,3,1.0172876,21.31,73.36,São Paulo
201305,2013-01-27,262,262.0,2,1.0954888,21.52,75.05,São Paulo
201306,2013-02-03,217,217.0,2,0.9041166,20.94,75.02,São Paulo
201307,2013-02-10,340,340.0,2,1.3918613,24.09,66.11,São Paulo
201308,2013-02-17,464,464.0,3,1.7153658,24.28,62.83,São Paulo
201309,2013-02-24,541,541.0,3,1.569025,23.16,66.56,São Paulo
201310,2013-03-03,562,562.0,3,1.2728301,24.73,66.56,São Paulo
201311,2013-03-10,750,750.0,3,1.4314698,23.05,72.21,São Paulo
201312,2013-03-17,886,886.0,3,1.450049,19.75,75.06,São Paulo
201313,2013-03-24,938,938.0,4,1.282235,19.94,74.85,São Paulo
201314,2013-03-31,1301,1301.0,4,1.5041248,22.31,70.6,São Paulo
201315,2013-04-07,1680,1680.0,4,1.6198084,21.23,74.18,São Paulo
201316,2013-04-14,1536,1536.0,4,1.19378,17.7,69.98,São Paulo
201317,2013-04-21,1076,1076.0,4,0.732242,18.05,68.1,São Paulo
201318,2013-04-28,783,783.0,4,0.5607113,21.45,65.15,São Paulo
201319,2013-05-05,620,620.0,4,0.5533422,17.28,65.43,São Paulo
201320,2013-05-12,544,544.0,1,0.6455622,20.27,63.24,São Paulo
201321,2013-05-19,363,363.0,1,0.5557542,18.14,74.63,São Paulo
201322,2013-05-26,273,273.0,1,0.5281761,17.33,74.8,São Paulo
201323,2013-06-02,309,309.0,1,0.7797514,17.91,69.7,São Paulo
201324,2013-06-09,204,204.0,1,0.6481232,18.5,71.85,São Paulo
201325,2013-06-16,188,188.0,1,0.6938875,18.65,70.18,São Paulo
201326,2013-06-23,148,148.0,1,0.654704,17.75,78.53,São Paulo
201327,2013-06-30,134,134.0,1,0.7229482,17.28,72.21,São Paulo
201328,2013-07-07,128,128.0,1,0.8189927,17.32,68.06,São Paulo
201329,2013-07-14,122,122.0,1,0.8845372,18.44,64.42,São Paulo
201330,2013-07-21,80,80.0,1,0.6340148,12.85,78.84,São Paulo
201331,2013-07-28,104,104.0,1,0.9241808,17.62,53.35,São Paulo
201332,2013-08-04,84,84.0,1,0.8514019,20.28,55.24,São Paulo
201333,2013-08-11,65,65.0,1,0.7076375,14.26,69.97,São Paulo
201334,2013-08-18,59,59.0,1,0.715438,18.04,64.12,São Paulo
201335,2013-08-25,72,72.0,1,1.0226322,16.72,61.21,São Paulo
201336,2013-09-01,64,64.0,1,0.9823477,18.51,62.9,São Paulo
201337,2013-09-08,75,75.0,1,1.128986,21.22,49.69,São Paulo
201338,2013-09-15,88,88.0,1,1.2691427,20.43,64.9,São Paulo
201339,2013-09-22,71,71.0,1,0.9505801,15.8,72.44,São Paulo
201340,2013-09-29,63,63.0,1,0.8116613,18.24,79.18,São Paulo
201341,2013-10-06,74,74.0,1,1.0109221,16.74,65.7,São Paulo
201342,2013-10-13,70,70.0,1,1.0131602,20.49,68.72,São Paulo
201343,2013-10-20,71,71.0,1,1.0176194,22.87,65.11,São Paulo
201344,2013-10-27,88,88.0,1,1.2309259,18.19,69.12,São Paulo
201345,2013-11-03,91,91.0,1,1.2012626,19.05,71.54,São Paulo
201346,2013-11-10,90,90.0,1,1.0806757,23.75,53.11,São Paulo
201347,2013-11-17,98,98.0,1,1.1033646,21.41,71.27,São Paulo
201348,2013-11-24,130,130.0,2,1.3869412,21.33,74.64,São Paulo
201349,2013-12-01,135,135.0,3,1.286554,23.56,66.28,São Paulo
201350,2013-12-08,126,126.0,3,1.047217,21.75,70.71,São Paulo
201351,2013-12-15,120,120.0,1,0.9376251,21.1,66.57,São Paulo
201352,2013-12-22,121,121.0,1,0.9605653,23.8,64.41,São Paulo
201401,2013-12-29,80,80.0,1,0.6675718,25.96,62.51,São Paulo
201402,2014-01-05,183,183.0,2,1.6057532,25.01,61.72,São Paulo
201403,2014-01-12,198,198.0,3,1.6068783,23.25,67.22,São Paulo
201404,2014-01-19,214,214.0,3,1.3466729,24.85,62.32,São Paulo
201405,2014-01-26,315,315.0,3,1.5995378,26.56,52.69,São Paulo
201406,2014-02-02,345,345.0,3,1.4472522,27.94,47.41,São Paulo
201407,2014-02-09,470,470.0,3,1.5781538,25.86,55.93,São Paulo
201408,2014-02-16,610,610.0,3,1.6355081,22.52,67.58,São Paulo
201409,2014-02-23,669,669.0,3,1.4153123,24.5,62.61,São Paulo
201410,2014-03-02,976,976.0,3,1.6494665,22.18,73.99,São Paulo
201411,2014-03-09,1346,1346.0,4,1.7940041,23.91,66.86,São Paulo
201412,2014-03-16,2064,2064.0,4,2.0167277,24.68,62.04,São Paulo
201413,2014-03-23,3148,3148.0,4,2.1249914,20.67,70.27,São Paulo
201414,2014-03-30,4126,4126.0,4,1.8845841,22.16,72.1,São Paulo
201415,2014-04-06,6207,6207.0,4,1.9605931,23.37,66.21,São Paulo
201416,2014-04-13,7679,7679.0,4,1.7288026,20.42,76.22,São Paulo
201417,2014-04-20,7049,7049.0,4,1.1962514,19.38,73.87,São Paulo
201418,2014-04-27,6086,6086.0,4,0.890205,18.52,60.97,São Paulo
201419,2014-05-04,4509,4509.0,4,0.6689764,20.88,61.63,São Paulo
201420,2014-05-11,4248,4248.0,4,0.7204059,18.47,65.87,São Paulo
201421,2014-05-18,2594,2594.0,4,0.5343099,18.94,71.62,São Paulo
201422,2014-05-25,1753,1753.0,4,0.453096,15.85,77.06,São Paulo
201423,2014-06-01,1141,1141.0,4,0.4046245,17.96,66.25,São Paulo
201424,2014-06-08,842,842.0,4,0.4434546,19.7,68.28,São Paulo
201425,2014-06-15,777,777.0,4,0.6048812,17.05,77.25,São Paulo
201426,2014-06-22,638,638.0,4,0.6778774,20.2,58.21,São Paulo
201427,2014-06-29,491,491.0,1,0.6423922,19.9,50.3,São Paulo
201428,2014-07-06,314,314.0,1,0.4991632,17.12,71.99,São Paulo
201429,2014-07-13,305,305.0,1,0.6243067,16.78,66.27,São Paulo
201430,2014-07-20,273,273.0,1,0.736603,16.44,64.86,São Paulo
201431,2014-07-27,276,276.0,1,0.8959351,16.49,69.81,São Paulo
201432,2014-08-03,216,216.0,1,0.7703994,17.89,57.95,São Paulo
201433,2014-08-10,186,186.0,1,0.7254302,17.31,63.61,São Paulo
201434,2014-08-17,242,242.0,1,1.0653199,18.99,61.43,São Paulo
201435,2014-08-24,183,183.0,1,0.8670566,18.46,56.11,São Paulo
201436,2014-08-31,167,167.0,1,0.8037736,17.91,68.04,São Paulo
201437,2014-09-07,223,223.0,1,1.1433002,21.62,51.45,São Paulo
201438,2014-09-14,164,164.0,1,0.8740259,20.02,65.03,São Paulo
201439,2014-09-21,164,164.0,1,0.8682346,18.83,70.05,São Paulo
201440,2014-09-28,140,140.0,1,0.7932545,19.05,68.1,São Paulo
201441,2014-10-05,195,195.0,1,1.2013394,20.64,51.03,São Paulo
201442,2014-10-12,161,161.0,1,0.99828,24.07,57.02,São Paulo
201443,2014-10-19,132,132.0,1,0.7886946,19.78,69.11,São Paulo
201444,2014-10-26,144,144.0,1,0.9031799,22.44,59.25,São Paulo
201445,2014-11-02,142,142.0,1,0.9772947,21.97,71.69,São Paulo
201446,2014-11-09,123,123.0,1,0.8787956,19.85,68.94,São Paulo
201447,2014-11-16,108,108.0,1,0.8002747,20.39,64.4,São Paulo
201448,2014-11-23,131,131.0,1,1.047858,21.34,77.06,São Paulo
201449,2014-11-30,111,111.0,1,0.933855,21.57,69.46,São Paulo
201450,2014-12-07,125,125.0,2,1.0478526,22.98,70.54,São Paulo
201451,2014-12-14,100,100.0,1,0.8473028,21.55,69.04,São Paulo
201452,2014-12-21,109,109.0,1,0.9529909,23.0,73.49,São Paulo
201453,2014-12-28,53,53.0,1,0.5001646,25.89,60.84,São Paulo
201501,2015-01-04,370,370.0,2,3.4341493,24.87,66.83,São Paulo
201502,2015-01-11,389,389.0,3,2.3716831,25.9,65.29,São Paulo
201503,2015-01-18,640,640.0,3,2.166121,24.48,67.62,São Paulo
201504,2015-01-25,870,870.0,3,1.9337232,23.36,70.02,São Paulo
201505,2015-02-01,1498,1498.0,3,2.266027,21.53,76.67,São Paulo
201506,2015-02-08,1937,1937.0,4,1.9533235,24.53,69.44,São Paulo
201507,2015-02-15,3163,3163.0,4,2.1315043,22.98,74.26,São Paulo
201508,2015-02-22,4942,4942.0,4,2.2288759,23.26,70.8,São Paulo
201509,2015-03-01,7568,7568.0,4,2.2129982,22.36,73.91,São Paulo
201510,2015-03-08,10207,10207.0,4,1.9514077,21.97,78.95,São Paulo
201511,2015-03-15,12367,12367.0,4,1.6419113,21.16,78.76,São Paulo
201512,2015-03-22,5016,5016.0,4,0.5309278,20.97,73.1,São Paulo
201513,2015-03-29,4058,4058.0,4,0.4378853,21.42,75.26,São Paulo
201514,2015-04-05,4824,4824.0,4,0.7072061,19.83,74.94,São Paulo
201515,2015-04-12,4498,4498.0,4,0.9074562,20.85,76.64,São Paulo
201516,2015-04-19,4399,4399.0,4,0.964839,21.57,76.91,São Paulo
201517,2015-04-26,3725,3725.0,4,0.8332866,17.85,77.11,São Paulo
201518,2015-05-03,2777,2777.0,4,0.6653518,17.87,77.69,São Paulo
201519,2015-05-10,1754,1754.0,4,0.4896811,16.55,80.45,São Paulo
201520,2015-05-17,1082,1082.0,4,0.3934358,18.87,76.29,São Paulo
201521,2015-05-24,738,738.0,4,0.389533,19.78,72.13,São Paulo
201522,2015-05-31,600,600.0,4,0.4861929,17.42,79.06,São Paulo
201523,2015-06-07,403,403.0,1,0.4851418,20.53,62.57,São Paulo
201524,2015-06-14,268,268.0,1,0.4492932,17.27,76.21,São Paulo
201525,2015-06-21,203,203.0,1,0.4758066,16.04,74.79,São Paulo
201526,2015-06-28,355,355.0,1,1.1506163,17.12,73.99,São Paulo
201527,2015-07-05,272,272.0,1,1.0039254,16.49,77.11,São Paulo
201528,2015-07-12,274,274.0,1,0.9524103,20.52,65.2,São Paulo
201529,2015-07-19,232,232.0,1,0.8127788,17.48,71.05,São Paulo
201530,2015-07-26,189,189.0,1,0.7225581,16.8,69.67,São Paulo
201531,2015-08-02,150,150.0,1,0.6551016,21.67,46.55,São Paulo
201532,2015-08-09,180,180.0,1,0.9297613,20.41,60.63,São Paulo
201533,2015-08-16,138,138.0,1,0.8100662,18.9,63.82,São Paulo
201534,2015-08-23,103,103.0,1,0.650549,17.0,76.2,São Paulo
201535,2015-08-30,110,110.0,1,0.7945768,18.69,69.41,São Paulo
201536,2015-09-06,87,87.0,1,0.7486718,17.23,80.76,São Paulo
201537,2015-09-13,135,135.0,1,1.280644,22.2,62.23,São Paulo
201538,2015-09-20,155,155.0,3,1.4278294,24.07,55.44,São Paulo
201539,2015-09-27,171,171.0,3,1.3353032,20.82,77.46,São Paulo
201540,2015-10-04,173,173.0,3,1.1501265,20.94,70.59,São Paulo
201541,2015-10-11,192,192.0,1,1.1591332,22.74,67.97,São Paulo
201542,2015-10-18,199,199.0,1,1.126998,20.01,77.04,São Paulo
201543,2015-10-25,188,188.0,1,1.0069742,19.81,80.25,São Paulo
201544,2015-11-01,215,215.0,1,1.1136107,20.01,85.44,São Paulo
201545,2015-11-08,290,290.0,1,1.435711,22.5,76.31,São Paulo
201546,2015-11-15,326,326.0,3,1.4133713,22.27,74.87,São Paulo
201547,2015-11-22,414,414.0,3,1.4785193,21.12,78.93,São Paulo
201548,2015-11-29,528,528.0,3,1.5466727,20.71,82.43,São Paulo
201549,2015-12-06,622,622.0,3,1.4738528,21.33,79.73,São Paulo
201550,2015-12-13,553,553.0,3,1.0841106,22.41,76.29,São Paulo
201551,2015-12-20,532,532.0,2,0.9461616,22.35,79.23,São Paulo
201552,2015-12-27,468,468.0,2,0.8424795,21.94,81.29,São Paulo
201601,2016-01-03,252,252.0,2,0.4952116,20.86,78.63,São Paulo
201602,2016-01-10,209,209.0,2,0.4971704,20.99,87.41,São Paulo
201603,2016-01-17,194,194.0,1,0.6338214,18.05,80.54,São Paulo
201604,2016-01-24,195,195.0,1,0.8495749,22.24,78.21,São Paulo
201605,2016-01-31,247,247.0,1,1.2093699,25.27,65.04,São Paulo
201606,2016-02-07,204,204.0,2,0.9808571,23.56,70.83,São Paulo
201607,2016-02-14,307,307.0,2,1.3760941,22.42,80.65,São Paulo
201608,2016-02-21,287,287.0,3,1.1842486,22.16,79.46,São Paulo
201609,2016-02-28,425,425.0,3,1.5262772,20.45,83.97,São Paulo
201610,2016-03-06,460,460.0,3,1.3999206,21.74,81.63,São Paulo
201611,2016-03-13,342,342.0,3,0.8853677,20.11,83.26,São Paulo
201612,2016-03-20,324,324.0,2,0.8030103,20.85,82.05,São Paulo
201613,2016-03-27,259,259.0,2,0.7107838,22.22,79.26,São Paulo
201614,2016-04-03,262,262.0,2,0.8302027,21.91,78.48,São Paulo
201615,2016-04-10,203,203.0,2,0.7338005,24.57,66.52,São Paulo
201616,2016-04-17,220,220.0,2,0.8897433,24.15,62.75,São Paulo
201617,2016-04-24,203,203.0,1,0.9060826,18.51,73.27,São Paulo
201618,2016-05-01,184,184.0,1,0.8708859,15.21,81.88,São Paulo
201619,2016-05-08,104,104.0,1,0.5292271,17.36,82.67,São Paulo
201620,2016-05-15,116,116.0,1,0.6955835,16.48,85.17,São Paulo
201621,2016-05-22,120,120.0,1,0.9055042,15.33,86.22,São Paulo
201622,2016-05-29,110,110.0,1,0.9379143,16.4,86.47,São Paulo
201623,2016-06-05,107,107.0,1,0.9321085,12.76,81.55,São Paulo
201624,2016-06-12,95,95.0,1,0.858261,11.37,78.43,São Paulo
201625,2016-06-19,44,44.0,1,0.4327573,13.0,86.59,São Paulo
201626,2016-06-26,89,89.0,1,1.0381576,14.75,83.22,São Paulo
201627,2016-07-03,216,216.0,1,2.6993625,15.79,68.08,São Paulo
201628,2016-07-10,195,195.0,3,1.7020944,18.81,62.64,São Paulo
201629,2016-07-17,118,118.0,3,0.7191909,11.08,81.1,São Paulo
201630,2016-07-24,153,153.0,1,0.8901266,14.92,73.83,São Paulo
201631,2016-07-31,171,171.0,1,1.1207532,16.13,78.21,São Paulo
201632,2016-08-07,169,169.0,1,1.1148516,13.64,80.37,São Paulo
201633,2016-08-14,172,172.0,1,1.0572622,16.25,74.81,São Paulo
201634,2016-08-21,157,157.0,1,0.9361745,14.65,77.02,São Paulo
201635,2016-08-28,158,158.0,1,0.9520497,18.32,69.65,São Paulo
201636,2016-09-04,188,188.0,1,1.1566558,16.42,83.15,São Paulo
201637,2016-09-11,192,192.0,1,1.1501304,18.21,69.28,São Paulo
201638,2016-09-18,186,186.0,1,1.0391355,15.52,82.34,São Paulo
201639,2016-09-25,158,158.0,1,0.8546353,13.55,85.23,São Paulo
201640,2016-10-02,142,142.0,1,0.8003087,15.38,84.15,São Paulo
201641,2016-10-09,223,223.0,1,1.3461299,17.78,80.44,São Paulo
201642,2016-10-16,262,262.0,3,1.5065705,19.75,85.45,São Paulo
201643,2016-10-23,260,260.0,3,1.2372773,17.85,83.69,São Paulo
201644,2016-10-30,302,302.0,3,1.2271826,18.18,76.47,São Paulo
201645,2016-11-06,326,326.0,3,1.2052279,19.03,81.13,São Paulo
201646,2016-11-13,307,307.0,3,1.0442041,17.42,84.05,São Paulo
201647,2016-11-20,323,323.0,1,1.0416557,17.9,75.18,São Paulo
201648,2016-11-27,378,378.0,1,1.190867,19.17,82.22,São Paulo
201649,2016-12-04,340,340.0,1,1.0242819,19.66,77.86,São Paulo
201650,2016-12-11,289,289.0,2,0.8379459,19.77,81.65,São Paulo
201651,2016-12-18,332,332.0,2,0.9945968,21.26,72.92,São Paulo
201652,2016-12-25,659,659.0,2,1.9650505,24.21,68.28,São Paulo
201701,2017-01-01,161,161.0,2,0.4121806,23.16,72.73,São Paulo
201702,2017-01-08,93,93.0,2,0.2299834,22.25,80.38,São Paulo
201703,2017-01-15,83,83.0,2,0.307493,20.67,85.76,São Paulo
201704,2017-01-22,88,88.0,2,0.6377537,21.01,81.76,São Paulo
201705,2017-01-29,73,73.0,2,0.7891188,21.22,83.38,São Paulo
201706,2017-02-05,60,60.0,2,0.732447,21.35,80.49,São Paulo
201707,2017-02-12,63,63.0,2,0.8600468,23.82,65.94,São Paulo
201708,2017-02-19,65,65.0,2,0.992583,21.66,75.76,São Paulo
201709,2017-02-26,76,76.0,2,1.1907446,21.91,79.39,São Paulo
201710,2017-03-05,63,63.0,2,0.9467776,22.09,82.45,São Paulo
201711,2017-03-12,77,77.0,2,1.1139013,21.05,83.87,São Paulo
201712,2017-03-19,62,62.0,1,0.8946728,18.16,82.48,São Paulo
201713,2017-03-26,86,86.0,1,1.2284306,17.5,82.61,São Paulo
201714,2017-04-02,372,372.0,1,4.2269206,19.32,84.04,São Paulo
201715,2017-04-09,360,360.0,3,2.2057762,19.85,84.53,São Paulo
201716,2017-04-16,369,369.0,3,1.3181143,17.84,82.57,São Paulo
201717,2017-04-23,236,236.0,3,0.6929157,17.09,81.56,São Paulo
201718,2017-04-30,219,219.0,1,0.6765054,16.19,85.61,São Paulo
201719,2017-05-07,267,267.0,1,0.9818279,16.48,85.49,São Paulo
201720,2017-05-14,184,184.0,1,0.7648119,16.92,80.57,São Paulo
201721,2017-05-21,193,193.0,1,0.843244,17.62,86.73,São Paulo
201722,2017-05-28,201,201.0,1,0.964103,16.66,81.91,São Paulo
201723,2017-06-04,192,192.0,1,0.9798961,17.4,82.17,São Paulo
201724,2017-06-11,126,126.0,1,0.6586641,14.13,80.36,São Paulo
201725,2017-06-18,155,155.0,1,0.8838873,15.17,85.09,São Paulo
201726,2017-06-25,121,121.0,1,0.7934633,15.31,79.87,São Paulo
201727,2017-07-02,128,128.0,1,0.9156144,12.05,83.06,São Paulo
201728,2017-07-09,124,124.0,1,0.9456584,14.79,79.67,São Paulo
201729,2017-07-16,106,106.0,1,0.8478407,13.61,78.06,São Paulo
201730,2017-07-23,115,115.0,1,0.9620537,14.87,73.43,São Paulo
201731,2017-07-30,109,109.0,1,0.96059,15.39,70.9,São Paulo
201732,2017-08-06,122,122.0,1,1.0915512,14.16,76.27,São Paulo
201733,2017-08-13,119,119.0,1,1.0480279,15.88,84.16,São Paulo
201734,2017-08-20,138,138.0,1,1.1696247,13.62,87.37,São Paulo
201735,2017-08-27,151,151.0,1,1.2085007,15.76,80.06,São Paulo
201736,2017-09-03,164,164.0,1,1.2029972,15.89,75.37,São Paulo
201737,2017-09-10,182,182.0,1,1.212346,16.56,74.73,São Paulo
201738,2017-09-17,188,188.0,1,1.1453098,17.23,74.08,São Paulo
201739,2017-09-24,215,215.0,1,1.2067155,17.89,73.44,São Paulo
201740,2017-10-01,224,224.0,1,1.1624293,18.56,72.79,São Paulo
201741,2017-10-08,239,239.0,1,1.1438583,19.23,72.15,São Paulo
201742,2017-10-15,274,274.0,1,1.2178298,19.9,71.51,São Paulo
201743,2017-10-22,219,219.0,1,0.9119737,20.56,70.86,São Paulo
201744,2017-10-29,236,236.0,1,0.9595567,21.23,70.22,São Paulo
201745,2017-11-05,277,277.0,1,1.1558303,21.9,69.57,São Paulo
201746,2017-11-12,248,248.0,2,1.0187287,22.56,68.93,São Paulo
201747,2017-11-19,264,264.0,1,1.035517,20.36,76.96,São Paulo
201748,2017-11-26,281,281.0,1,1.0859283,20.35,76.25,São Paulo
201749,2017-12-03,271,271.0,1,1.0265697,21.8,76.67,São Paulo
201750,2017-12-10,256,256.0,1,0.9480495,20.97,73.45,São Paulo
201751,2017-12-17,251,251.0,1,0.9400978,22.62,73.7,São Paulo
201752,2017-12-24,256,256.0,1,0.989813,22.57,77.75,São Paulo
201801,2017-12-31,401,401.0,2,1.5329537,22.17,75.32,São Paulo
201802,2018-01-07,557,557.0,3,1.8260629,20.92,79.02,São Paulo
201803,2018-01-14,696,696.0,3,1.7017168,22.45,76.63,São Paulo
201804,2018-01-21,549,549.0,3,1.0314459,23.5,72.28,São Paulo
201805,2018-01-28,540,540.0,2,0.9041327,20.52,80.86,São Paulo
201806,2018-02-04,465,465.0,2,0.8085752,20.01,77.12,São Paulo
201807,2018-02-11,456,456.0,2,0.8677329,19.74,84.52,São Paulo
201808,2018-02-18,446,446.0,2,0.9226472,21.15,80.28,São Paulo
201809,2018-02-25,397,397.0,2,0.8716279,22.27,77.69,São Paulo
201810,2018-03-04,351,351.0,2,0.8146618,20.93,85.81,São Paulo
201811,2018-03-11,298,298.0,2,0.7562035,22.13,81.41,São Paulo
201812,2018-03-18,266,266.0,2,0.762781,21.44,84.29,São Paulo
201813,2018-03-25,252,252.0,2,0.825528,21.19,82.75,São Paulo
201814,2018-04-01,294,294.0,2,1.0658101,20.3,83.3,São Paulo
201815,2018-04-08,257,257.0,2,0.9603476,19.79,81.58,São Paulo
201816,2018-04-15,193,193.0,1,0.7239249,17.41,78.99,São Paulo
201817,2018-04-22,188,188.0,1,0.7662735,20.61,75.46,São Paulo
201818,2018-04-29,234,234.0,1,1.0917594,22.06,68.9,São Paulo
201819,2018-05-06,197,197.0,1,0.9648745,20.05,71.68,São Paulo
201820,2018-05-13,192,192.0,1,0.9209673,19.89,73.8,São Paulo
201821,2018-05-20,114,114.0,1,0.5732486,14.09,78.28,São Paulo
201822,2018-05-27,122,122.0,1,0.7095911,15.86,76.62,São Paulo
201823,2018-06-03,121,121.0,1,0.8662046,15.5,84.98,São Paulo
201824,2018-06-10,132,132.0,1,1.0651017,17.07,84.48,São Paulo
201825,2018-06-17,90,90.0,1,0.7399833,15.72,82.03,São Paulo
201826,2018-06-24,135,135.0,1,1.1428756,18.05,69.47,São Paulo
201827,2018-07-01,98,98.0,1,0.8680922,16.83,77.95,São Paulo
201828,2018-07-08,85,85.0,1,0.7615362,13.22,75.81,São Paulo
201829,2018-07-15,93,93.0,1,0.9045669,19.33,57.66,São Paulo
201830,2018-07-22,81,81.0,1,0.8784748,18.35,70.39,São Paulo
201831,2018-07-29,75,75.0,1,0.859897,16.61,75.74,São Paulo
201832,2018-08-05,77,77.0,1,0.9371448,15.98,73.08,São Paulo
201833,2018-08-12,76,76.0,1,0.9785423,13.29,85.12,São Paulo
201834,2018-08-19,79,79.0,1,1.0351374,17.57,72.45,São Paulo
201835,2018-08-26,64,64.0,1,0.8427335,15.62,76.13,São Paulo
201836,2018-09-02,62,62.0,1,0.8465267,13.64,82.4,São Paulo
201837,2018-09-09,88,88.0,1,1.2780275,15.46,82.73,São Paulo
201838,2018-09-16,121,121.0,1,1.6653041,17.56,83.94,São Paulo
201839,2018-09-23,113,113.0,1,1.2653357,18.83,80.36,São Paulo
201840,2018-09-30,103,103.0,1,0.970682,19.01,82.72,São Paulo
201841,2018-10-07,104,104.0,1,0.9460424,20.43,81.87,São Paulo
201842,2018-10-14,122,122.0,1,1.1389426,19.66,81.95,São Paulo
201843,2018-10-21,90,90.0,1,0.8376636,17.21,85.54,São Paulo
201844,2018-10-28,101,101.0,1,0.9426517,17.39,83.71,São Paulo
201845,2018-11-04,119,119.0,1,1.1623813,17.06,85.18,São Paulo
201846,2018-11-11,123,123.0,1,1.1762714,20.21,81.95,São Paulo
201847,2018-11-18,137,137.0,1,1.1966499,18.02,85.53,São Paulo
201848,2018-11-25,187,187.0,1,1.4726827,18.89,82.78,São Paulo
201849,2018-12-02,189,189.0,3,1.28786,18.58,80.74,São Paulo
201850,2018-12-09,220,220.0,3,1.2750326,24.22,55.94,São Paulo
201851,2018-12-16,188,188.0,3,0.9792154,26.26,64.27,São Paulo
201852,2018-12-23,182,182.0,2,0.9121128,20.65,81.33,São Paulo
201901,2018-12-30,346,346.0,2,1.712822,21.97,81.36,São Paulo
201902,2019-01-06,373,373.0,3,1.5892673,22.64,79.92,São Paulo
201903,2019-01-13,405,405.0,3,1.3263686,24.59,71.41,São Paulo
201904,2019-01-20,433,433.0,3,1.1876261,24.34,74.19,São Paulo
201905,2019-01-27,553,553.0,3,1.3621696,26.88,57.6,São Paulo
201906,2019-02-03,595,595.0,3,1.2980744,20.08,82.4,São Paulo
201907,2019-02-10,663,663.0,3,1.2539648,21.1,78.92,São Paulo
201908,2019-02-17,838,838.0,3,1.3918533,21.43,84.63,São Paulo
201909,2019-02-24,899,899.0,4,1.2998629,21.33,81.74,São Paulo
201910,2019-03-03,1147,1147.0,4,1.4180915,21.88,80.17,São Paulo
201911,2019-03-10,1447,1447.0,4,1.5142422,21.49,85.7,São Paulo
201912,2019-03-17,1606,1606.0,4,1.3842169,20.25,85.77,São Paulo
201913,2019-03-24,1831,1831.0,4,1.3129083,19.41,81.51,São Paulo
201914,2019-03-31,2210,2210.0,4,1.3648493,20.82,76.54,São Paulo
201915,2019-04-07,2662,2662.0,4,1.4152969,19.6,89.19,São Paulo
201916,2019-04-14,2972,2972.0,4,1.3371875,19.66,80.48,São Paulo
201917,2019-04-21,3812,3812.0,4,1.4506097,21.24,82.13,São Paulo
201918,2019-04-28,3887,3887.0,4,1.2580552,21.12,78.14,São Paulo
201919,2019-05-05,3979,3979.0,4,1.121148,20.02,82.0,São Paulo
201920,2019-05-12,3628,3628.0,4,0.9536529,18.63,86.74,São Paulo
201921,2019-05-19,3492,3492.0,4,0.9156505,16.91,82.07,São Paulo
201922,2019-05-26,2669,2669.0,4,0.7359943,17.91,81.68,São Paulo
201923,2019-06-02,1810,1810.0,4,0.557422,15.25,85.71,São Paulo
201924,2019-06-09,1457,1457.0,4,0.5518082,17.05,75.81,São Paulo
201925,2019-06-16,1231,1231.0,4,0.6179492,17.33,78.54,São Paulo
201926,2019-06-23,1124,1124.0,4,0.7308919,18.24,74.76,São Paulo
201927,2019-06-30,641,641.0,4,0.5086262,17.01,73.91,São Paulo
201928,2019-07-07,519,519.0,1,0.5106003,11.01,82.69,São Paulo
201929,2019-07-14,440,440.0,1,0.5865085,13.76,78.55,São Paulo
201930,2019-07-21,445,445.0,1,0.7960836,17.19,70.3,São Paulo
201931,2019-07-28,366,366.0,1,0.7815309,15.52,80.04,São Paulo
201932,2019-08-04,397,397.0,1,0.9341033,15.6,78.14,São Paulo
201933,2019-08-11,253,253.0,1,0.649458,15.45,76.51,São Paulo
201934,2019-08-18,235,235.0,1,0.6774399,14.93,81.99,São Paulo
201935,2019-08-25,258,258.0,1,0.8909453,15.62,78.55,São Paulo
201936,2019-09-01,233,233.0,1,0.9206027,15.31,90.44,São Paulo
201937,2019-09-08,302,302.0,1,1.2180195,21.33,65.28,São Paulo
201938,2019-09-15,285,285.0,1,1.1059054,20.17,75.39,São Paulo
201939,2019-09-22,231,231.0,1,0.8452284,14.65,88.21,São Paulo
201940,2019-09-29,272,272.0,1,1.0032842,17.43,76.63,São Paulo
201941,2019-10-06,291,291.0,1,1.1191554,17.95,86.47,São Paulo
201942,2019-10-13,254,254.0,1,0.9574351,20.82,76.98,São Paulo
201943,2019-10-20,231,231.0,1,0.8567726,17.36,82.6,São Paulo
201944,2019-10-27,268,268.0,1,1.0393336,21.84,73.02,São Paulo
201945,2019-11-03,280,280.0,1,1.1176305,20.27,84.52,São Paulo
201946,2019-11-10,217,217.0,2,0.8433088,18.89,86.49,São Paulo
201947,2019-11-17,245,245.0,1,0.957314,18.61,81.77,São Paulo
201948,2019-11-24,227,227.0,1,0.9403915,17.25,84.33,São Paulo
201949,2019-12-01,266,266.0,1,1.127721,18.99,84.35,São Paulo
201950,2019-12-08,306,306.0,1,1.2555323,19.59,81.15,São Paulo
201951,2019-12-15,296,296.0,2,1.1157275,21.28,81.72,São Paulo
201952,2019-12-22,211,211.0,2,0.7460386,20.74,80.93,São Paulo
202001,2019-12-29,311,311.0,2,1.1293579,21.88,78.3,São Paulo
202002,2020-01-05,578,578.0,2,2.0643544,24.23,74.68,São Paulo
202003,2020-01-12,566,566.0,3,1.5595798,22.57,78.5,São Paulo
202004,2020-01-19,582,582.0,3,1.1951578,20.37,77.99,São Paulo
202005,2020-01-26,659,659.0,3,1.1771351,24.35,64.09,São Paulo
202006,2020-02-02,695,695.0,3,1.1607786,21.45,85.73,São Paulo
202007,2020-02-09,886,886.0,3,1.3570267,19.38,86.51,São Paulo
202008,2020-02-16,856,856.0,4,1.1704624,22.11,83.72,São Paulo
202009,2020-02-23,712,712.0,4,0.8839921,19.14,85.88,São Paulo
202010,2020-03-01,727,727.0,4,0.8998212,18.33,84.62,São Paulo
202011,2020-03-08,857,857.0,4,1.1211965,19.46,83.24,São Paulo
202012,2020-03-15,511,511.0,4,0.6836035,22.94,75.15,São Paulo
202013,2020-03-22,419,419.0,1,0.5931229,19.96,71.29,São Paulo
202014,2020-03-29,419,419.0,1,0.7252157,22.04,73.1,São Paulo
202015,2020-04-05,418,418.0,1,0.9001896,19.08,74.06,São Paulo
202016,2020-04-12,510,510.0,1,1.1896222,18.8,74.0,São Paulo
202017,2020-04-19,585,585.0,3,1.3054072,19.05,74.55,São Paulo
202018,2020-04-26,516,516.0,3,1.0349696,20.66,67.53,São Paulo
202019,2020-05-03,408,408.0,1,0.7725027,17.19,70.16,São Paulo
202020,2020-05-10,404,404.0,1,0.812243,17.97,68.35,São Paulo
202021,2020-05-17,283,283.0,1,0.6512297,19.0,70.82,São Paulo
202022,2020-05-24,229,229.0,1,0.6168197,14.89,64.49,São Paulo
202023,2020-05-31,247,247.0,1,0.81304,18.19,73.87,São Paulo
202024,2020-06-07,237,237.0,1,0.9254609,21.77,67.18,São Paulo
202025,2020-06-14,197,197.0,1,0.8240657,18.73,70.52,São Paulo
202026,2020-06-21,175,175.0,1,0.777413,19.15,64.32,São Paulo
202027,2020-06-28,187,187.0,1,0.9222316,15.38,74.19,São Paulo
202028,2020-07-05,158,158.0,1,0.8532063,18.93,66.37,São Paulo
202029,2020-07-12,138,138.0,1,0.791515,17.78,74.75,São Paulo
202030,2020-07-19,128,128.0,1,0.8053466,20.05,56.36,São Paulo
202031,2020-07-26,123,123.0,1,0.8674363,17.02,76.37,São Paulo
202032,2020-08-02,86,86.0,1,0.6705902,16.03,75.04,São Paulo
202033,2020-08-09,117,117.0,1,1.0143496,20.72,60.5,São Paulo
202034,2020-08-16,70,70.0,1,0.67499,14.89,85.82,São Paulo
202035,2020-08-23,95,95.0,1,0.9816109,15.75,70.61,São Paulo
202036,2020-08-30,105,105.0,1,1.1653914,20.07,70.48,São Paulo
202037,2020-09-06,117,117.0,1,1.254341,22.39,67.46,São Paulo
202038,2020-09-13,103,103.0,1,0.9994431,22.06,63.13,São Paulo
202039,2020-09-20,129,129.0,1,1.1788772,17.36,78.84,São Paulo
202040,2020-09-27,132,132.0,1,1.1594989,25.76,56.51,São Paulo
202041,2020-10-04,84,84.0,1,0.7020065,21.91,77.83,São Paulo
202042,2020-10-11,81,81.0,1,0.7063921,18.62,73.21,São Paulo
202043,2020-10-18,96,96.0,1,0.9828898,19.76,74.07,São Paulo
202044,2020-10-25,70,70.0,1,0.8012738,20.85,69.38,São Paulo
202045,2020-11-01,86,86.0,1,1.0163451,15.63,73.46,São Paulo
202046,2020-11-08,115,115.0,1,1.3865948,20.84,75.68,São Paulo
202047,2020-11-15,116,116.0,1,1.2762663,19.69,74.44,São Paulo
202048,2020-11-22,131,131.0,1,1.235324,21.57,65.92,São Paulo
202049,2020-11-29,144,144.0,1,1.2147468,21.46,68.78,São Paulo
202050,2020-12-06,159,159.0,2,1.219718,21.36,71.64,São Paulo
202051,2020-12-13,105,105.0,2,0.7496119,21.26,74.49,São Paulo
202052,2020-12-20,115,115.0,2,0.8364006,21.16,77.35,São Paulo
202053,2020-12-27,105,105.0,2,0.8590437,21.06,80.2,São Paulo
202101,2021-01-03,231,231.0,2,2.684975,23.2,70.56,São Paulo
202102,2021-01-10,205,205.0,2,1.9916846,23.08,77.15,São Paulo
202103,2021-01-17,210,210.0,2,1.2848433,23.59,71.26,São Paulo
202104,2021-01-24,217,217.0,2,1.0755885,24.84,63.32,São Paulo
202105,2021-01-31,314,314.0,2,1.4576195,23.89,68.68,São Paulo
202106,2021-02-07,344,344.0,3,1.4096577,20.16,76.29,São Paulo
202107,2021-02-14,451,451.0,3,1.5152484,22.78,71.89,São Paulo
202108,2021-02-21,426,426.0,3,1.189883,21.61,75.08,São Paulo
202109,2021-02-28,544,544.0,3,1.3154242,22.12,76.21,São Paulo
202110,2021-03-07,581,581.0,3,1.2573774,21.68,74.13,São Paulo
202111,2021-03-14,713,713.0,3,1.3578327,22.85,72.61,São Paulo
202112,2021-03-21,808,808.0,3,1.3363925,24.29,66.2,São Paulo
202113,2021-03-28,1153,1153.0,3,1.6145866,21.41,69.57,São Paulo
202114,2021-04-04,1679,1679.0,3,1.86898,20.33,69.77,São Paulo
202115,2021-04-11,1752,1752.0,3,1.4630508,20.29,68.91,São Paulo
202116,2021-04-18,1701,1701.0,3,1.1254088,17.85,84.27,São Paulo
202117,2021-04-25,1561,1561.0,4,0.9364034,18.42,78.95,São Paulo
202118,2021-05-02,1472,1472.0,1,0.8891066,18.73,75.22,São Paulo
202119,2021-05-09,1226,1226.0,1,0.7864502,17.09,79.71,São Paulo
202120,2021-05-16,1017,1017.0,1,0.7180409,18.13,72.8,São Paulo
202121,2021-05-23,853,853.0,1,0.6937903,18.82,66.16,São Paulo
202122,2021-05-30,781,781.0,1,0.7527192,19.08,76.84,São Paulo
202123,2021-06-06,583,583.0,1,0.6626763,17.9,82.81,São Paulo
202124,2021-06-13,513,513.0,1,0.6864871,14.73,81.74,São Paulo
202125,2021-06-20,409,409.0,1,0.6612735,16.88,78.51,São Paulo
202126,2021-06-27,314,314.0,1,0.618438,14.99,69.64,São Paulo
202127,2021-07-04,289,289.0,1,0.6981785,15.05,79.82,São Paulo
202128,2021-07-11,270,270.0,1,0.7961597,18.02,63.53,São Paulo
202129,2021-07-18,225,225.0,1,0.7674251,14.25,67.52,São Paulo
202130,2021-07-25,188,188.0,1,0.7201052,13.87,63.46,São Paulo
202131,2021-08-01,172,172.0,1,0.7579712,14.19,80.34,São Paulo
202132,2021-08-08,219,219.0,1,1.1016731,16.36,73.95,São Paulo
202133,2021-08-15,242,242.0,1,1.250325,21.3,60.04,São Paulo
202134,2021-08-22,213,213.0,1,1.013184,21.81,53.25,São Paulo
202135,2021-08-29,159,159.0,1,0.7233517,18.77,71.17,São Paulo
202136,2021-09-05,166,166.0,1,0.8154072,20.97,73.48,São Paulo
202137,2021-09-12,178,178.0,1,0.9954767,21.04,73.26,São Paulo
202138,2021-09-19,188,188.0,1,1.1025035,18.52,76.32,São Paulo
202139,2021-09-26,179,179.0,1,1.0176525,21.11,68.22,São Paulo
202140,2021-10-03,157,157.0,1,0.8743727,18.03,85.16,São Paulo
202141,2021-10-10,152,152.0,1,0.8762581,19.5,80.4,São Paulo
202142,2021-10-17,156,156.0,1,0.9623068,15.55,86.48,São Paulo
202143,2021-10-24,124,124.0,1,0.8073307,18.6,85.91,São Paulo
202144,2021-10-31,167,167.0,1,1.1335043,18.38,81.96,São Paulo
202145,2021-11-07,144,144.0,1,0.997736,16.72,79.96,São Paulo
202146,2021-11-14,186,186.0,1,1.2348027,19.75,72.38,São Paulo
202147,2021-11-21,239,239.0,1,1.4646939,19.94,72.36,São Paulo
202148,2021-11-28,291,291.0,1,1.5142325,20.8,77.98,São Paulo
202149,2021-12-05,365,365.0,3,1.5271609,17.98,77.8,São Paulo
202150,2021-12-12,313,313.0,3,1.0798885,22.3,79.07,São Paulo
202151,2021-12-19,137,137.0,1,0.4378274,19.34,77.05,São Paulo
202152,2021-12-26,38,38.0,1,0.1432959,20.9,76.99,São Paulo
202201,2022-01-02,327,327.0,1,1.8342912,21.34,83.2,São Paulo
202202,2022-01-09,253,253.0,2,1.5847162,20.35,86.56,São Paulo
202203,2022-01-16,366,366.0,2,1.5950388,23.0,73.82,São Paulo
202204,2022-01-23,325,325.0,2,1.1250875,22.7,79.05,São Paulo
202205,2022-01-30,289,289.0,2,0.905055,21.61,83.34,São Paulo
202206,2022-02-06,310,310.0,1,0.9687546,20.33,79.87,São Paulo
202207,2022-02-13,322,322.0,1,1.047984,21.04,77.83,São Paulo
202208,2022-02-20,342,342.0,1,1.1061354,23.43,70.17,São Paulo
202209,2022-02-27,504,504.0,2,1.5248289,23.74,72.79,São Paulo
202210,2022-03-06,627,627.0,3,1.6150618,23.71,73.4,São Paulo
202211,2022-03-13,738,738.0,3,1.4933829,22.44,82.54,São Paulo
202212,2022-03-20,946,946.0,3,1.5216984,21.33,74.67,São Paulo
202213,2022-03-27,1257,1257.0,3,1.6289206,20.58,83.07,São Paulo
202214,2022-04-03,1608,1608.0,3,1.6356745,20.27,83.12,São Paulo
202215,2022-04-10,1935,1935.0,3,1.5276779,19.53,78.89,São Paulo
202216,2022-04-17,2587,2587.0,3,1.6088557,18.54,73.6,São Paulo
202217,2022-04-24,3177,3177.0,4,1.5644785,21.73,70.7,São Paulo
202218,2022-05-01,3538,3538.0,4,1.3860627,18.46,77.55,São Paulo
202219,2022-05-08,3522,3522.0,4,1.154211,17.24,80.7,São Paulo
202220,2022-05-15,2433,2433.0,4,0.7345467,13.6,73.28,São Paulo
202221,2022-05-22,2336,2336.0,4,0.7394135,17.56,63.4,São Paulo
202222,2022-05-29,1881,1881.0,4,0.697934,17.2,81.11,São Paulo
202223,2022-06-05,1398,1398.0,4,0.6192594,16.08,86.25,São Paulo
202224,2022-06-12,1070,1070.0,1,0.5755328,14.42,70.98,São Paulo
202225,2022-06-19,1026,1026.0,1,0.7005546,17.68,71.46,São Paulo
202226,2022-06-26,834,834.0,1,0.7124098,16.74,71.24,São Paulo
202227,2022-07-03,715,715.0,1,0.7202125,19.72,53.56,São Paulo
202228,2022-07-10,639,639.0,1,0.7493752,18.73,64.02,São Paulo
202229,2022-07-17,566,566.0,1,0.7726412,18.77,70.65,São Paulo
202230,2022-07-24,473,473.0,1,0.7388926,18.24,66.49,São Paulo
202231,2022-07-31,453,453.0,1,0.8063809,16.38,74.48,São Paulo
202232,2022-08-07,343,343.0,1,0.6977658,15.58,83.59,São Paulo
202233,2022-08-14,326,326.0,1,0.7594504,16.96,65.29,São Paulo
202234,2022-08-21,317,317.0,1,0.8554152,16.77,74.41,São Paulo
202235,2022-08-28,257,257.0,1,0.7781691,14.58,77.65,São Paulo
202236,2022-09-04,307,307.0,1,1.0075499,17.7,73.41,São Paulo
202237,2022-09-11,259,259.0,1,0.9034335,14.87,88.48,São Paulo
202238,2022-09-18,332,332.0,1,1.1695755,15.33,79.76,São Paulo
202239,2022-09-25,308,308.0,1,1.062438,15.1,91.02,São Paulo
202240,2022-10-02,401,401.0,1,1.297509,18.13,81.17,São Paulo
202241,2022-10-09,482,482.0,3,1.4108356,19.74,82.64,São Paulo
202242,2022-10-16,473,473.0,3,1.195094,19.99,80.54,São Paulo
202243,2022-10-23,449,449.0,3,1.0063875,20.88,71.7,São Paulo
202244,2022-10-30,364,364.0,1,0.7970442,16.81,80.2,São Paulo
202245,2022-11-06,317,317.0,1,0.7430635,17.25,78.73,São Paulo
202246,2022-11-13,353,353.0,1,0.9354676,19.98,69.15,São Paulo
202247,2022-11-20,284,284.0,1,0.8311519,19.44,79.63,São Paulo
202248,2022-11-27,321,321.0,1,0.9868155,20.85,80.91,São Paulo
202249,2022-12-04,278,278.0,1,0.90273,22.61,75.98,São Paulo
202250,2022-12-11,101,101.0,2,0.3517825,21.07,75.61,São Paulo
202251,2022-12-18,38,38.0,1,0.1649969,19.15,80.62,São Paulo
202252,2022-12-25,180,180.0,1,1.2436646,21.29,80.14,São Paulo
202301,2023-01-01,640,640.0,1,4.5955157,20.18,81.04,São Paulo
202302,2023-01-08,720,720.0,3,2.5183942,20.99,83.71,São Paulo
202303,2023-01-15,927,927.0,3,1.75663,22.29,82.31,São Paulo
202304,2023-01-22,1008,1008.0,3,1.378222,21.86,76.25,São Paulo
202305,2023-01-29,1157,1157.0,3,1.3055737,22.14,83.79,São Paulo
202306,2023-02-05,1291,1291.0,3,1.2677718,21.62,83.15,São Paulo
202307,2023-02-12,1294,1294.0,3,1.1333454,23.05,78.14,São Paulo
202308,2023-02-19,1335,1335.0,3,1.0766646,21.54,83.22,São Paulo
202309,2023-02-26,1703,1703.0,3,1.2980292,22.47,79.62,São Paulo
202310,2023-03-05,1936,1936.0,3,1.345746,21.89,80.14,São Paulo
202311,2023-03-12,2293,2293.0,4,1.3721675,20.43,89.64,São Paulo
202312,2023-03-19,2724,2724.0,4,1.3866495,22.74,75.4,São Paulo
202313,2023-03-26,2757,2757.0,4,1.20432,22.06,77.32,São Paulo
202314,2023-04-02,2544,2544.0,4,0.9944186,19.95,81.62,São Paulo
202315,2023-04-09,3018,3018.0,4,1.1302772,20.52,79.97,São Paulo
202316,2023-04-16,2574,2574.0,4,0.9501661,19.38,75.74,São Paulo
202317,2023-04-23,2570,2570.0,4,0.9370307,19.07,79.3,São Paulo
202318,2023-04-30,3146,3146.0,4,1.1653546,19.53,89.11,São Paulo
202319,2023-05-07,2855,2855.0,4,1.0423611,18.46,87.11,São Paulo
202320,2023-05-14,2689,2689.0,4,0.9382454,15.33,79.23,São Paulo
202321,2023-05-21,2183,2183.0,4,0.774233,18.49,75.16,São Paulo
202322,2023-05-28,1628,1628.0,4,0.6356022,16.47,86.99,São Paulo
202323,2023-06-04,1254,1254.0,1,0.5827505,16.68,76.12,São Paulo
202324,2023-06-11,1148,1148.0,1,0.6745911,15.8,84.19,São Paulo
202325,2023-06-18,1053,1053.0,1,0.7742504,15.45,78.42,São Paulo
202326,2023-06-25,892,892.0,1,0.7669973,18.81,70.2,São Paulo
202327,2023-07-02,727,727.0,1,0.7070143,15.25,75.65,São Paulo
202328,2023-07-09,628,628.0,1,0.7071297,17.55,73.52,São Paulo
202329,2023-07-16,528,528.0,1,0.7052779,15.93,83.22,São Paulo
202330,2023-07-23,533,533.0,1,0.837572,18.05,74.02,São Paulo
202331,2023-07-30,587,587.0,1,1.0355449,17.16,77.69,São Paulo
202332,2023-08-06,605,605.0,1,1.0952182,19.16,73.48,São Paulo
202333,2023-08-13,593,593.0,1,1.0349828,18.82,77.32,São Paulo
202334,2023-08-20,591,591.0,1,1.0017004,20.21,66.65,São Paulo
202335,2023-08-27,597,597.0,1,1.007886,15.93,82.59,São Paulo
202336,2023-09-03,571,571.0,1,0.9679819,20.74,77.07,São Paulo
202337,2023-09-10,650,650.0,1,1.1031722,20.34,70.55,São Paulo
202338,2023-09-17,784,784.0,3,1.2921877,23.07,68.18,São Paulo
202339,2023-09-24,703,703.0,3,1.0643944,21.43,77.91,São Paulo
202340,2023-10-01,850,850.0,1,1.1808081,21.11,85.54,São Paulo
202341,2023-10-08,691,691.0,1,0.9202244,19.56,86.69,São Paulo
202342,2023-10-15,707,707.0,1,0.9304209,18.71,87.55,São Paulo
202343,2023-10-22,754,754.0,1,1.0257891,21.09,82.82,São Paulo
202344,2023-10-29,633,633.0,1,0.8850276,21.62,82.7,São Paulo
202345,2023-11-05,747,747.0,1,1.0571773,20.79,73.72,São Paulo
202346,2023-11-12,700,700.0,1,1.0073748,26.64,66.57,São Paulo
202347,2023-11-19,790,790.0,1,1.1171666,21.35,84.68,São Paulo
202348,2023-11-26,920,920.0,3,1.2458463,21.96,84.97,São Paulo
202349,2023-12-03,931,931.0,3,1.1623594,23.16,83.3,São Paulo
202350,2023-12-10,938,938.0,3,1.0714502,21.88,82.83,São Paulo
202351,2023-12-17,815,815.0,2,0.8945785,22.84,81.94,São Paulo
202352,2023-12-24,942,942.0,2,1.0456612,23.41,75.52,São Paulo
202401,2023-12-31,2456,2456.0,2,2.5395546,21.23,83.7,São Paulo
202402,2024-01-07,3107,3107.0,4,2.2353582,23.79,80.69,São Paulo
202403,2024-01-14,4675,4675.0,4,2.064194,24.57,79.76,São Paulo
202404,2024-01-21,7176,7176.0,4,2.1031117,19.3,90.19,São Paulo
202405,2024-01-28,14792,14792.0,4,2.7955518,21.65,85.36,São Paulo
202406,2024-02-04,21282,21282.0,4,2.3904967,23.09,81.52,São Paulo
202407,2024-02-11,27328,27328.0,4,1.8807931,22.64,82.52,São Paulo
202408,2024-02-18,34453,34453.0,4,1.6444314,22.14,87.35,São Paulo
202409,2024-02-25,41390,41390.0,4,1.507591,23.29,86.89,São Paulo
202410,2024-03-03,48834,48834.0,4,1.4268456,22.58,87.56,São Paulo
202411,2024-03-10,58773,58773.0,4,1.4192461,23.46,83.16,São Paulo
202412,2024-03-17,75293,75293.0,4,1.512851,23.25,85.62,São Paulo
202413,2024-03-24,69904,69904.0,4,1.1716183,19.91,89.35,São Paulo
202414,2024-03-31,78598,78598.0,4,1.1515973,21.77,82.68,São Paulo
202415,2024-04-07,82344,82344.0,4,1.128465,21.32,85.83,São Paulo
202416,2024-04-14,82490,82490.0,4,1.0715284,20.39,84.33,São Paulo
202417,2024-04-21,76880,76880.0,4,0.9598405,21.12,78.79,São Paulo
202418,2024-04-28,78759,78759.0,4,0.9813883,23.25,68.38,São Paulo
202419,2024-05-05,85389,85389.0,4,1.079475,22.58,67.96,São Paulo
202420,2024-05-12,79706,79706.0,4,0.9986047,20.94,70.37,São Paulo
202421,2024-05-19,60783,60783.0,4,0.7569985,19.9,79.03,São Paulo
202422,2024-05-26,39370,39370.0,4,0.5326215,14.99,85.76,São Paulo
202423,2024-06-02,29522,29522.0,4,0.4951017,17.12,82.14,São Paulo
202424,2024-06-09,28145,28145.0,4,0.6430246,18.67,69.51,São Paulo
202425,2024-06-16,24371,24371.0,4,0.7368063,18.31,64.22,São Paulo
202426,2024-06-23,16687,16687.0,4,0.6051386,19.3,71.61,São Paulo
202427,2024-06-30,10924,10924.0,4,0.4762588,16.32,75.6,São Paulo
202428,2024-07-07,7568,7568.0,4,0.4384226,16.04,89.88,São Paulo
202429,2024-07-14,6447,6447.0,4,0.5363702,15.91,84.76,São Paulo
202430,2024-07-21,5795,5795.0,4,0.6779274,16.68,72.82,São Paulo
202431,2024-07-28,4478,4478.0,4,0.6669385,17.49,79.32,São Paulo
202432,2024-08-04,4075,4075.0,4,0.7231972,19.06,67.17,São Paulo
202433,2024-08-11,3318,3318.0,4,0.7004487,14.81,73.87,São Paulo
202434,2024-08-18,3449,3449.0,4,0.8535465,20.58,64.46,São Paulo
202435,2024-08-25,2993,2993.0,4,0.8373898,14.34,79.84,São Paulo
202436,2024-09-01,3492,3492.0,4,1.0479532,20.04,73.75,São Paulo
202437,2024-09-08,3480,3480.0,4,1.0677298,24.26,51.94,São Paulo
202438,2024-09-15,3116,3116.0,4,0.9359914,18.41,85.42,São Paulo
202439,2024-09-22,3191,3191.0,4,0.9562833,22.2,76.48,São Paulo
202440,2024-09-29,2664,2664.0,4,0.8316189,20.4,75.64,São Paulo
202441,2024-10-06,2371,2371.0,4,0.789439,19.8,82.61,São Paulo
202442,2024-10-13,2429,2429.0,4,0.8917368,19.26,85.51,São Paulo
202443,2024-10-20,2282,2282.0,4,0.9171944,21.68,84.19,São Paulo
202444,2024-10-27,2213,2213.0,4,0.9326539,19.0,85.6,São Paulo
202445,2024-11-03,2164,2164.0,4,0.9446887,20.66,89.53,São Paulo
202446,2024-11-10,2027,2027.0,4,0.9172476,18.94,83.48,São Paulo
202447,2024-11-17,2236,2236.0,4,1.0429661,20.53,85.99,São Paulo
202448,2024-11-24,2059,2059.0,4,0.9739016,21.88,77.03,São Paulo
202449,2024-12-01,2200,2200.0,4,1.0346093,22.25,83.47,São Paulo
202450,2024-12-08,2269,2269.0,4,1.0618299,20.83,87.16,São Paulo
202451,2024-12-15,2007,2007.0,4,0.9275859,21.7,80.11,São Paulo
202452,2024-12-22,1850,1850.0,4,0.8626126,21.36,89.51,São Paulo
202501,2024-12-29,2982,2982.0,4,1.4291073,21.96,85.32,São Paulo
202502,2025-01-05,3781,3781.0,4,1.6569425,20.56,87.05,São Paulo
202503,2025-01-12,4291,4291.0,3,1.4741558,20.73,84.52,São Paulo
202504,2025-01-19,5603,5603.0,3,1.5188777,24.56,79.2,São Paulo
202505,2025-01-26,6639,6639.0,4,1.4703889,21.97,89.54,São Paulo
202506,2025-02-02,8294,8294.0,4,1.495312,23.04,82.78,São Paulo
202507,2025-02-09,11406,11406.0,4,1.658797,23.49,80.95,São Paulo
202508,2025-02-16,13383,13383.0,4,1.5342766,24.39,81.3,São Paulo
202509,2025-02-23,13568,13568.0,4,1.2431914,23.7,82.37,São Paulo
202510,2025-03-02,13809,13809.0,4,1.0954192,22.93,80.06,São Paulo
202511,2025-03-09,15489,15489.0,4,1.1488363,22.47,85.89,São Paulo
202512,2025-03-16,17028,17028.0,4,1.19633,20.34,87.79,São Paulo
202513,2025-03-23,17809,17809.0,4,1.1567446,21.59,86.89,São Paulo
202514,2025-03-30,18115,18115.0,4,1.0889117,21.44,87.29,São Paulo
202515,2025-04-06,17332,17332.0,4,0.9936129,19.02,84.7,São Paulo
202516,2025-04-13,16229,16229.0,4,0.9223106,20.11,87.52,São Paulo
202517,2025-04-20,18471,18471.0,4,1.0700964,18.65,89.16,São Paulo
202518,2025-04-27,15755,15755.0,4,0.9241366,18.0,86.07,São Paulo
202519,2025-05-04,14598,14598.0,4,0.8630115,19.57,78.98,São Paulo
202520,2025-05-11,12689,12689.0,4,0.7966528,16.96,85.82,São Paulo
202521,2025-05-18,11048,11048.0,4,0.7685854,18.6,82.28,São Paulo
202522,2025-05-25,8038,8038.0,4,0.6360773,17.01,75.4,São Paulo
202523,2025-06-01,6599,6599.0,4,0.6202296,17.39,85.78,São Paulo
202524,2025-06-08,4294,4294.0,4,0.5075547,14.05,87.09,São Paulo
202525,2025-06-15,3692,3692.0,4,0.570598,16.73,72.38,São Paulo
202526,2025-06-22,3093,3093.0,1,0.6371039,16.12,78.16,São Paulo
202527,2025-06-29,2459,2459.0,1,0.6494125,14.1,87.58,São Paulo
202528,2025-07-06,2324,2324.0,1,0.7472812,13.95,85.73,São Paulo
202529,2025-07-13,2176,2176.0,1,0.8278489,14.75,75.56,São Paulo
202530,2025-07-20,2201,2201.0,1,0.9360177,15.56,84.27,São Paulo
202531,2025-07-27,2022,2022.0,1,0.9111547,15.07,71.92,São Paulo
202532,2025-08-03,2078,2078.0,1,0.9697362,15.81,77.25,São Paulo
202533,2025-08-10,2224,2224.0,1,1.0639888,13.05,81.15,São Paulo
202534,2025-08-17,2522,2522.0,3,1.1888558,19.64,69.2,São Paulo
202535,2025-08-24,2334,2334.0,3,1.0393904,17.07,84.98,São Paulo
202536,2025-08-31,2732,2732.0,1,1.1488692,18.43,76.45,São Paulo
202537,2025-09-07,2848,2848.0,3,1.1457211,17.8,77.13,São Paulo
202538,2025-09-14,2830,2830.0,3,1.0707935,18.62,78.69,São Paulo
202539,2025-09-21,2551,2551.0,3,0.9251964,17.75,74.31,São Paulo
202540,2025-09-28,3238,3238.0,1,1.1696213,19.82,78.38,São Paulo
202541,2025-10-05,2927,2927.0,1,1.0415622,19.13,78.88,São Paulo
202542,2025-10-12,3072,3072.0,1,1.0417315,20.46,81.4,São Paulo
202543,2025-10-19,2889,2889.0,1,0.9626222,15.63,75.86,São Paulo
202544,2025-10-26,2989,2989.0,1,1.0027702,19.34,83.92,São Paulo
202545,2025-11-02,3075,3075.0,1,1.0395964,20.33,84.58,São Paulo
202546,2025-11-09,3162,3162.0,1,1.0591047,17.67,81.53,São Paulo
202547,2025-11-16,2625,2625.0,1,0.8672448,20.05,79.58,São Paulo
202548,2025-11-23,2887,2887.0,1,0.9716748,18.85,81.96,São Paulo
202549,2025-11-30,2937,2937.0,1,1.0308387,21.19,81.49,São Paulo
202550,2025-12-07,2744,2744.0,1,0.9694433,22.26,78.59,São Paulo
202551,2025-12-14,2414,2414.0,1,0.8558097,20.81,83.78,São Paulo
202552,2025-12-21,1876,1876.0,2,0.7056071,24.9,71.47,São Paulo
202553,2025-12-28,2306,2306.0,2,0.9700583,24.6,81.04,São Paulo
